step,sat1_reward,sat2_reward,sat1_cumulative_reward,sat2_cumulative_reward
1,0.2097,0.2097,0.2097,0.2097
2,0.2115,0.2115,0.4212,0.4212
3,0.2133,0.2133,0.6345,0.6345
4,0.2215,0.2215,0.8560,0.8560
5,0.2244,0.2244,1.0804,1.0804
6,0.2273,0.2273,1.3077,1.3077
7,0.2302,0.2302,1.5379,1.5379
8,0.2331,0.2331,1.7710,1.7710
9,0.2360,0.2360,2.0070,2.0070
10,0.2389,0.2389,2.2458,2.2458
11,0.2418,0.2418,2.4876,2.4876
12,0.2446,0.2446,2.7322,2.7322
13,0.2475,0.2475,2.9798,2.9798
14,0.2504,0.2504,3.2302,3.2302
15,0.2533,0.2533,3.4835,3.4835
16,0.2562,0.2562,3.7397,3.7397
17,0.2591,0.2591,3.9988,3.9988
18,0.2620,0.2620,4.2608,4.2608
19,0.2649,0.2649,4.5257,4.5257
20,0.2678,0.2678,4.7935,4.7935
21,0.2707,0.2707,5.0641,5.0641
22,0.2736,0.2736,5.3377,5.3377
23,0.2764,0.2764,5.6141,5.6141
24,0.2793,0.2793,5.8934,5.8934
25,0.2822,0.2822,6.1757,6.1757
26,0.2851,0.2851,6.4608,6.4608
27,0.2880,0.2880,6.7488,6.7488
28,0.2909,0.2909,7.0397,7.0397
29,0.2938,0.2938,7.3335,7.3335
30,0.2967,0.2967,7.6302,7.6302
31,0.2996,0.2996,7.9297,7.9297
32,0.3025,0.3025,8.2322,8.2322
33,0.3054,0.3054,8.5376,8.5376
34,0.3082,0.3082,8.8458,8.8458
35,0.3111,0.3111,9.1569,9.1569
36,0.3140,0.3140,9.4710,9.4710
37,0.3169,0.3169,9.7879,9.7879
38,0.3198,0.3198,10.1077,10.1077
39,0.3227,0.3227,10.4304,10.4304
40,0.3256,0.3256,10.7560,10.7560
41,0.3285,0.3285,11.0845,11.0845
42,0.3314,0.3314,11.4158,11.4158
43,0.3343,0.3343,11.7501,11.7501
44,0.3372,0.3372,12.0872,12.0872
45,0.3400,0.3400,12.4273,12.4273
46,0.3429,0.3429,12.7702,12.7702
47,0.3458,0.3458,13.1161,13.1161
48,0.3487,0.3487,13.4648,13.4648
49,0.3516,0.3516,13.8164,13.8164
50,0.3545,0.3545,14.1709,14.1709
51,0.3574,0.3574,14.5283,14.5283
52,0.3603,0.3603,14.8885,14.8885
53,0.3632,0.3632,15.2517,15.2517
54,0.3661,0.3661,15.6178,15.6178
55,0.3690,0.3690,15.9867,15.9867
56,0.3718,0.3718,16.3586,16.3586
57,0.3747,0.3747,16.7333,16.7333
58,0.3776,0.3776,17.1109,17.1109
59,0.3805,0.3805,17.4915,17.4915
60,0.3834,0.3834,17.8749,17.8749
61,0.3863,0.3863,18.2612,18.2612
62,0.3892,0.3892,18.6504,18.6504
63,0.3921,0.3921,19.0424,19.0424
64,0.3950,0.3950,19.4374,19.4374
65,0.3979,0.3979,19.8353,19.8353
66,0.4008,0.4008,20.2360,20.2360
67,0.4036,0.4036,20.6397,20.6397
68,0.4065,0.4065,21.0462,21.0462
69,0.4094,0.4094,21.4556,21.4556
70,0.4123,0.4123,21.8679,21.8679
71,0.5163,0.5163,22.3843,22.3843
72,0.5236,0.5236,22.9078,22.9078
73,0.5308,0.5308,23.4386,23.4386
74,0.5380,0.5380,23.9767,23.9767
75,0.5452,0.5452,24.5219,24.5219
76,0.5525,0.5525,25.0744,25.0744
77,0.5597,0.5597,25.6341,25.6341
78,0.5669,0.5669,26.2010,26.2010
79,0.5701,0.5701,26.7711,26.7711
80,0.5760,0.5760,27.3471,27.3471
81,0.5819,0.5819,27.9289,27.9289
82,0.5877,0.5877,28.5167,28.5167
83,0.5936,0.5936,29.1103,29.1103
84,0.5995,0.5995,29.7097,29.7097
85,0.6054,0.6054,30.3151,30.3151
86,0.6112,0.6112,30.9263,30.9263
87,0.5925,0.5925,31.5188,31.5188
88,0.5902,0.5902,32.1091,32.1091
89,0.5879,0.5879,32.6969,32.6969
90,0.5856,0.5856,33.2825,33.2825
91,0.5833,0.5833,33.8658,33.8658
92,0.5809,0.5809,34.4467,34.4467
93,0.5786,0.5786,35.0254,35.0254
94,0.5763,0.5763,35.6017,35.6017
95,0.5740,0.5740,36.1757,36.1757
96,0.5717,0.5717,36.7474,36.7474
97,0.5694,0.5694,37.3168,37.3168
98,0.5671,0.5671,37.8838,37.8838
99,0.5647,0.5647,38.4485,38.4485
100,0.5624,0.5624,39.0110,39.0110
101,0.5601,0.5601,39.5711,39.5711
102,0.5578,0.5578,40.1289,40.1289
103,0.5555,0.5555,40.6843,40.6843
104,0.5532,0.5532,41.2375,41.2375
105,0.5508,0.5508,41.7883,41.7883
106,0.5485,0.5485,42.3369,42.3369
107,0.5462,0.5462,42.8831,42.8831
108,0.5439,0.5439,43.4270,43.4270
109,0.5416,0.5416,43.9686,43.9686
110,0.5393,0.5393,44.5078,44.5078
111,0.5369,0.5369,45.0448,45.0448
112,0.5346,0.5346,45.5794,45.5794
113,0.5323,0.5323,46.1117,46.1117
114,0.5300,0.5300,46.6417,46.6417
115,0.5277,0.5277,47.1694,47.1694
116,0.5254,0.5254,47.6948,47.6948
117,0.5231,0.5231,48.2178,48.2178
118,0.5207,0.5207,48.7386,48.7386
119,0.5184,0.5184,49.2570,49.2570
120,0.5161,0.5161,49.7731,49.7731
121,0.5138,0.5138,50.2869,50.2869
122,0.5115,0.5115,50.7984,50.7984
123,0.5092,0.5092,51.3075,51.3075
124,0.5068,0.5068,51.8144,51.8144
125,0.5045,0.5045,52.3189,52.3189
126,0.5022,0.5022,52.8211,52.8211
127,0.4999,0.4999,53.3210,53.3210
128,0.5073,0.5073,53.8284,53.8284
129,0.5083,0.5083,54.3366,54.3366
130,0.5092,0.5092,54.8459,54.8459
131,0.5102,0.5102,55.3560,55.3560
132,0.5111,0.5111,55.8671,55.8671
133,0.5120,0.5120,56.3792,56.3792
134,0.5130,0.5130,56.8922,56.8922
135,0.5139,0.5139,57.4061,57.4061
136,0.5149,0.5149,57.9210,57.9210
137,0.5158,0.5158,58.4368,58.4368
138,0.5167,0.5167,58.9535,58.9535
139,0.5177,0.5177,59.4712,59.4712
140,0.5186,0.5186,59.9898,59.9898
141,0.5196,0.5196,60.5094,60.5094
142,0.5205,0.5205,61.0299,61.0299
143,0.5214,0.5214,61.5514,61.5514
144,0.5224,0.5224,62.0738,62.0738
145,0.5233,0.5233,62.5971,62.5971
146,0.5243,0.5243,63.1213,63.1213
147,0.5252,0.5252,63.6466,63.6466
148,0.5261,0.5261,64.1727,64.1727
149,0.5271,0.5271,64.6998,64.6998
150,0.5280,0.5280,65.2278,65.2278
151,0.5290,0.5290,65.7568,65.7568
152,0.5299,0.5299,66.2867,66.2867
153,0.5308,0.5308,66.8175,66.8175
154,0.5318,0.5318,67.3493,67.3493
155,0.5327,0.5327,67.8820,67.8820
156,0.5337,0.5337,68.4157,68.4157
157,0.5346,0.5346,68.9503,68.9503
158,0.5355,0.5355,69.4859,69.4859
159,0.5365,0.5365,70.0224,70.0224
160,0.5374,0.5374,70.5598,70.5598
161,0.5384,0.5384,71.0981,71.0981
162,0.5393,0.5393,71.6375,71.6375
163,0.5445,0.5445,72.1819,72.1819
164,0.5468,0.5468,72.7288,72.7288
165,0.5434,0.5434,73.2721,73.2721
166,0.5438,0.5438,73.8159,73.8159
167,0.5442,0.5442,74.3601,74.3601
168,0.5446,0.5446,74.9047,74.9047
169,0.5450,0.5450,75.4496,75.4496
170,0.5454,0.5454,75.9950,75.9950
171,0.5458,0.5458,76.5408,76.5408
172,0.5462,0.5462,77.0871,77.0871
173,0.5466,0.5466,77.6337,77.6337
174,0.5470,0.5470,78.1807,78.1807
175,0.5474,0.5474,78.7281,78.7281
176,0.5478,0.5478,79.2760,79.2760
177,0.5482,0.5482,79.8242,79.8242
178,0.5487,0.5487,80.3729,80.3729
179,0.5491,0.5491,80.9219,80.9219
180,0.5495,0.5495,81.4714,81.4714
181,0.5499,0.5499,82.0213,82.0213
182,0.5865,0.5865,82.6077,82.6077
183,0.5989,0.5989,83.2067,83.2067
184,0.6114,0.6114,83.8181,83.8181
185,0.6239,0.6239,84.4419,84.4419
186,0.6363,0.6363,85.0783,85.0783
187,0.6488,0.6488,85.7271,85.7271
188,0.6613,0.6613,86.3883,86.3883
189,0.6737,0.6737,87.0621,87.0621
190,0.6862,0.6862,87.7483,87.7483
191,0.6987,0.6987,88.4469,88.4469
192,0.7111,0.7111,89.1581,89.1581
193,0.7236,0.7236,89.8817,89.8817
194,0.7361,0.7361,90.6178,90.6178
195,0.7485,0.7485,91.3663,91.3663
196,0.7610,0.7610,92.1273,92.1273
197,0.7735,0.7735,92.9008,92.9008
198,0.7859,0.7859,93.6867,93.6867
199,0.7984,0.7984,94.4851,94.4851
200,0.8109,0.8109,95.2960,95.2960
201,0.8233,0.8233,96.1193,96.1193
202,0.8358,0.8358,96.9552,96.9552
203,0.8483,0.8483,97.8034,97.8034
204,0.8607,0.8607,98.6642,98.6642
205,0.8732,0.8732,99.5374,99.5374
206,0.8857,0.8857,100.4231,100.4231
207,0.8981,0.8981,101.3212,101.3212
208,0.9106,0.9106,102.2318,102.2318
209,0.9231,0.9231,103.1549,103.1549
210,1.1249,1.1249,104.2798,104.2798
211,1.1249,1.1249,105.4048,105.4048
212,1.1249,1.1249,106.5297,106.5297
213,1.1249,1.1249,107.6546,107.6546
214,1.1249,1.1249,108.7796,108.7796
215,1.1180,1.1180,109.8975,109.8975
216,1.1180,1.1180,111.0155,111.0155
217,1.1180,1.1180,112.1335,112.1335
218,1.1094,1.1094,113.2429,113.2429
219,1.1094,1.1094,114.3523,114.3523
220,1.1033,1.1033,115.4556,115.4556
221,1.0906,1.0906,116.5461,116.5461
222,1.0906,1.0906,117.6367,117.6367
223,1.0906,1.0906,118.7273,118.7273
224,1.0828,1.0828,119.8102,119.8102
225,1.0828,1.0828,120.8930,120.8930
226,1.0828,1.0828,121.9758,121.9758
227,1.0828,1.0828,123.0586,123.0586
228,1.0828,1.0828,124.1414,124.1414
229,1.0828,1.0828,125.2242,125.2242
230,1.0828,1.0828,126.3070,126.3070
231,1.0828,1.0828,127.3898,127.3898
232,1.0828,1.0828,128.4726,128.4726
233,0.8812,0.8812,129.3538,129.3538
234,0.8726,0.8726,130.2264,130.2264
235,0.8640,0.8640,131.0904,131.0904
236,0.8554,0.8554,131.9459,131.9459
237,0.8468,0.8468,132.7927,132.7927
238,0.8382,0.8382,133.6309,133.6309
239,0.8287,0.8287,134.4596,134.4596
240,0.8198,0.8198,135.2794,135.2794
241,0.8109,0.8109,136.0903,136.0903
242,0.8020,0.8020,136.8923,136.8923
243,0.7931,0.7931,137.6854,137.6854
244,0.7842,0.7842,138.4695,138.4695
245,0.7753,0.7753,139.2448,139.2448
246,0.7309,0.7309,139.9758,139.9758
247,0.7102,0.7102,140.6860,140.6860
248,0.6895,0.6895,141.3755,141.3755
249,0.6688,0.6688,142.0443,142.0443
250,0.6481,0.6481,142.6924,142.6924
251,0.6274,0.6274,143.3198,143.3198
252,0.6067,0.6067,143.9265,143.9265
253,0.5860,0.5860,144.5125,144.5125
254,0.5653,0.5653,145.0778,145.0778
255,0.5446,0.5446,145.6223,145.6223
256,0.5238,0.5238,146.1461,146.1461
257,0.5031,0.5031,146.6493,146.6493
258,0.4824,0.4824,147.1317,147.1317
259,0.4617,0.4617,147.5934,147.5934
260,0.3515,0.3515,147.9450,147.9450
261,0.3433,0.3433,148.2882,148.2882
262,0.3350,0.3350,148.6232,148.6232
263,0.3267,0.3267,148.9499,148.9499
264,0.3184,0.3184,149.2683,149.2683
265,0.3101,0.3101,149.5784,149.5784
266,0.3018,0.3018,149.8803,149.8803
267,0.2936,0.2936,150.1738,150.1738
268,0.2853,0.2853,150.4591,150.4591
269,0.2770,0.2770,150.7361,150.7361
270,0.2687,0.2687,151.0048,151.0048
271,0.2604,0.2604,151.2652,151.2652
272,0.2521,0.2521,151.5173,151.5173
273,0.2439,0.2439,151.7612,151.7612
274,0.2356,0.2356,151.9968,151.9968
275,0.2273,0.2273,152.2241,152.2241
276,0.2190,0.2190,152.4431,152.4431
277,0.2107,0.2107,152.6538,152.6538
278,0.0736,0.0986,152.7274,152.7524
279,0.0480,0.0730,152.7754,152.8254
280,0.0965,0.1025,152.8719,152.9279
281,0.1352,0.1412,153.0071,153.0691
282,0.1831,0.1891,153.1903,153.2583
283,0.2402,0.2462,153.4304,153.5044
284,0.2682,0.2742,153.6986,153.7786
285,0.2821,0.2881,153.9807,154.0667
286,0.2961,0.3021,154.2768,154.3688
287,0.3100,0.3160,154.5868,154.6848
288,0.3240,0.3300,154.9108,155.0148
289,0.3379,0.3439,155.2487,155.3587
290,0.1263,0.1513,155.3750,155.5100
291,0.0751,0.1001,155.4501,155.6101
292,0.0496,0.0746,155.4997,155.6847
293,0.0981,0.1041,155.5978,155.7888
294,0.1368,0.1428,155.7345,155.9315
295,0.1847,0.1907,155.9192,156.1222
296,0.2417,0.2477,156.1609,156.3699
297,0.2697,0.2757,156.4306,156.6456
298,0.2837,0.2897,156.7143,156.9353
299,0.2976,0.3036,157.0119,157.2389
300,0.3116,0.3176,157.3235,157.5565
301,0.2995,0.3055,157.6230,157.8620
302,0.3091,0.3151,157.9321,158.1771
303,0.3187,0.3247,158.2508,158.5018
304,0.3283,0.3343,158.5792,158.8362
305,0.3380,0.3440,158.9171,159.1801
306,0.3476,0.3536,159.2647,159.5337
307,0.3021,0.3081,159.5668,159.8418
308,0.2474,0.2534,159.8142,160.0952
309,0.2447,0.2447,160.0588,160.3398
310,0.2359,0.2359,160.2947,160.5757
311,0.2272,0.2272,160.5219,160.8029
312,0.2184,0.2184,160.7403,161.0213
313,0.2097,0.2097,160.9500,161.2310
314,0.2009,0.2009,161.1509,161.4319
315,0.1921,0.1921,161.3430,161.6240
316,0.1534,0.1834,161.4964,161.8074
317,0.0186,0.1746,161.5150,161.9820
318,-14.2835,0.2108,147.2315,162.1928
319,0.1115,0.2615,147.3430,162.4543
320,0.2966,0.3206,147.6396,162.7749
321,0.3707,0.3647,148.0103,163.1396
322,0.3920,0.3860,148.4023,163.5256
323,0.4133,0.4073,148.8155,163.9329
324,0.4345,0.4285,149.2501,164.3615
325,0.4558,0.4498,149.7059,164.8113
326,0.4771,0.4711,150.1830,165.2824
327,0.4984,0.4924,150.6814,165.7747
328,0.6395,0.6395,151.3209,166.4143
329,0.6927,0.6927,152.0137,167.1070
330,0.7459,0.7459,152.7596,167.8529
331,0.7991,0.7991,153.5587,168.6521
332,0.8523,0.8523,154.4110,169.5044
333,0.9055,0.9055,155.3165,170.4098
334,0.9587,0.9587,156.2752,171.3685
335,0.9887,0.9887,157.2639,172.3573
336,1.1910,1.1910,158.4549,173.5482
337,1.1910,1.1910,159.6458,174.7392
338,1.0241,1.0541,160.6699,175.7933
339,0.8530,1.0090,161.5229,176.8023
340,-13.7165,0.7839,147.8064,177.5862
341,0.5824,0.7384,148.3888,178.3246
342,0.6629,0.6929,149.0517,179.0175
343,0.6474,0.6474,149.6992,179.6649
344,0.6019,0.6019,150.3011,180.2668
345,0.5265,0.5565,150.8276,180.8233
346,0.3550,0.5110,151.1826,181.3343
347,0.4655,0.4655,151.6481,181.7998
348,0.4200,0.4200,152.0681,182.2198
349,0.2952,0.2952,152.3633,182.5151
350,0.2771,0.2771,152.6404,182.7921
351,0.2589,0.2589,152.8992,183.0510
352,0.2407,0.2407,153.1399,183.2916
353,0.2040,0.1980,153.3439,183.4896
354,0.1827,0.1767,153.5266,183.6663
355,0.1614,0.1554,153.6880,183.8217
356,0.1402,0.1402,153.8282,183.9619
357,0.1189,0.1129,153.9470,184.0748
358,0.0976,0.0916,154.0446,184.1664
359,0.0763,0.0703,154.1210,184.2367
360,0.0201,0.0201,154.1411,184.2568
