step,sat0_reward,sat1_reward,sat2_reward,sat3_reward,sat4_reward,sat5_reward,sat6_reward,sat7_reward,sat8_reward,sat9_reward
1,1.0500,0.8810,0.5854,0.6968,-9.2063,0.6915,-9.0000,0.7234,-9.3188,0.6477
2,1.0500,1.0000,0.6273,0.6681,0.6859,0.6937,0.9000,0.7794,0.6080,0.6801
3,1.0500,-9.0000,0.6587,0.6067,0.6718,0.6665,0.9000,1.0500,0.6652,0.7166
4,1.0500,1.0000,0.6795,0.5125,0.6512,0.6099,0.6537,1.0500,0.9000,0.7574
5,1.0500,0.9000,0.6897,0.4342,0.6243,0.5239,0.5799,0.8420,0.9000,0.7950
6,1.0500,0.5834,0.7144,0.3904,0.5909,0.4334,0.4963,0.7364,0.5888,0.9052
7,0.8044,0.4420,0.7412,0.3436,0.5512,0.3841,0.4032,0.6245,0.4494,0.9094
8,0.7387,0.2953,0.8577,0.2937,0.5051,0.3322,0.3005,0.5063,0.3113,0.9094
9,0.6640,0.2339,0.8639,0.2406,0.4526,0.2796,0.2553,0.4228,0.2498,0.9094
10,0.5805,0.2726,0.8593,0.1880,0.3936,0.5262,0.2066,0.3705,0.1956,0.9094
11,0.4879,-9.7862,0.8530,0.1359,0.3281,0.4720,0.1541,0.3163,0.1419,0.9094
12,0.4270,0.1551,0.8451,0.0842,0.2825,0.1171,0.0984,0.2627,0.0888,0.9094
13,0.3352,-9.9010,0.8355,0.0000,0.2511,0.0114,0.0419,0.1595,0.0362,0.9094
14,0.2922,-0.0573,0.8242,0.0000,0.2170,0.0000,-0.0153,0.1069,-0.0159,0.8094
15,0.2453,0.0000,0.8110,0.0000,0.1804,0.0000,-0.0734,0.0549,-0.0674,0.8094
16,0.1947,-10.0000,0.7023,0.0000,0.1410,0.0000,-0.1000,0.0034,-0.1000,0.8094
17,0.1429,-0.1000,0.6979,0.0000,0.0990,0.0000,-0.1000,0.0000,-0.1000,0.8094
18,0.0870,0.0000,0.6979,0.0000,0.0542,0.0000,-0.1000,0.0000,-0.1000,0.8094
19,0.0271,-10.0000,0.6979,0.0000,0.0068,0.0000,-0.1000,0.0000,0.1000,0.8094
20,0.0000,0.0000,0.6479,0.0000,-0.0409,0.0000,-0.1000,0.0000,0.1000,0.7594
21,0.0000,-10.0000,0.6479,0.0000,-0.0882,0.0000,-0.1000,0.0000,-0.1000,0.7594
22,0.0000,-0.1000,0.6479,0.0000,-0.1000,0.0000,-0.1000,0.0000,-0.1000,0.7594
23,0.0000,0.0000,0.6479,0.0000,-0.1000,0.0000,-0.1000,0.0000,-0.1000,0.7594
24,0.0000,0.0000,0.7458,0.0000,-0.1000,0.0000,-0.1000,0.0000,0.1000,0.7594
25,0.0000,0.0000,0.7417,0.0000,-0.1000,0.0000,-0.1000,0.0000,0.1000,0.7594
26,-10.0000,0.0000,0.7356,-10.0000,-0.1000,-10.0000,-0.1000,-10.0000,0.1000,0.7594
27,-0.1000,0.0000,0.7273,-0.1000,-0.1000,-0.1000,-0.1000,-0.1000,0.1000,0.7596
28,-0.1000,0.0000,0.7177,-0.1000,-0.1000,-0.1000,-0.1000,-0.1000,-0.1000,0.7599
29,-0.1000,0.0000,0.0000,-0.1000,-0.1000,-0.1000,-0.1000,-0.1000,-0.1000,0.7602
30,-0.1000,0.3930,0.0000,-0.1000,-0.1000,-0.1000,-0.1000,-0.1000,-0.1000,0.7605
31,-0.1000,0.3303,0.0500,-0.1000,-0.1000,-0.1000,-0.1000,-0.1000,-0.1000,0.7608
32,-0.1000,0.2676,0.0500,-0.1000,-0.1000,-0.1000,-0.1000,-0.1000,-0.1000,0.7609
33,-0.1000,0.2047,0.0500,-0.1000,-0.1000,-0.1000,-0.1000,-0.1000,-0.1000,-10.0000
34,0.1000,0.1417,0.0500,-0.1000,-0.1000,-0.1000,-0.1000,-0.1000,0.5502,-0.1000
35,0.1000,0.0787,0.0500,-0.1000,-0.1000,-0.1000,-0.1000,-0.1000,0.4483,-0.1000
36,0.1000,0.0183,0.0500,-0.1000,-0.1000,-0.1000,-0.1000,0.1000,0.3477,-0.1000
37,0.1000,0.0000,0.0500,-0.1000,-0.1000,-0.1000,-0.1000,0.1000,0.2794,-0.1000
38,-0.1000,0.0000,0.0500,-0.1000,-0.1000,-0.1000,-0.1000,0.1000,0.2403,-0.1000
39,-0.1000,0.0000,0.0500,-0.1000,-0.1000,-0.1000,-0.1000,0.1000,0.2017,-0.1000
40,-0.1000,0.0000,0.0500,-0.1000,-0.1000,-0.1000,-0.1000,-0.1000,0.1636,-0.1000
41,-0.1000,0.0000,0.0500,-0.1000,-0.1000,-0.1000,-0.0967,0.1000,0.1261,-0.1000
42,-0.1000,0.0000,0.0500,-0.1000,-0.1000,-0.1000,-0.0293,-0.1000,0.0891,-0.1000
43,-0.1000,0.0000,0.0000,-0.1000,-0.1000,-0.1000,0.0382,-0.0762,0.0527,-0.1000
44,-0.1000,0.0000,0.0000,-0.1000,-0.1000,-0.1000,0.1059,0.1786,0.0168,-0.1000
45,-0.1000,-10.0000,0.0000,-0.1000,-0.1000,-0.1000,0.1736,0.2326,-0.0185,-0.1000
46,-0.1000,-0.1000,0.0000,-0.1000,-0.1000,-0.1000,0.2415,0.2860,-0.0534,-0.1000
47,-0.1000,0.0000,0.0000,-0.1000,-0.1000,-0.1000,0.3234,0.3386,-0.0876,-0.1000
48,-0.1000,-10.0000,0.0000,-0.1000,-0.1000,-0.1000,0.4934,0.1904,-0.1000,-0.1000
49,-0.1000,0.0000,0.0026,-0.1000,-0.1000,-0.1000,0.6634,0.2414,-0.1000,-0.1000
50,-0.1000,-10.0000,0.0251,-0.1000,-0.1000,-0.1000,0.9000,0.2916,-0.1000,-0.1000
51,-0.1000,-0.1000,0.0483,-0.1000,-0.1000,-0.1000,0.5963,0.4025,-0.1000,-0.1000
52,-0.1000,0.0000,0.0724,-0.1000,-0.1000,-0.1000,0.4261,0.6239,-0.1000,-0.1000
53,-0.1000,-10.0000,0.0947,-0.1000,-0.1000,-0.1000,0.2824,-9.2249,-0.1000,-0.1000
54,-0.1000,0.0000,0.1177,-0.1000,-0.1000,-0.1000,0.2144,0.9000,-0.1000,-0.1000
55,-0.1000,-10.0000,0.1389,-0.1000,-0.1000,-0.1000,0.1465,0.7293,-0.1000,-0.1000
56,-0.1000,-0.1000,-9.8391,-0.1000,-0.1000,-0.1000,0.0786,-9.4231,-0.1000,-0.1000
57,-0.1000,0.0000,0.0830,-0.1000,-0.1000,-0.1000,0.0108,0.4268,-0.1000,-0.0949
58,-0.1000,-10.0000,0.1026,-0.1000,-0.1000,-0.1000,-0.0569,-9.6515,-0.1000,-0.0665
59,-0.1000,-0.1000,0.1224,-0.1000,-0.1000,-0.1000,-0.1000,0.1872,-0.1000,-0.0387
60,-0.1000,0.0000,0.1424,-0.1000,-0.0989,-0.1000,-0.1000,0.2270,-0.1000,-0.0114
61,-0.1000,-10.0000,0.1598,-0.1000,-0.0718,-0.1000,-0.1000,0.1677,-0.1000,0.0153
62,-0.1000,0.0000,0.1775,-0.1000,-0.0457,-0.1000,-0.1000,0.1095,-0.1000,0.0416
63,-0.1000,0.0000,0.1955,-0.1000,-0.0206,-0.1000,-0.1000,0.0523,-0.1000,0.0673
64,-0.1000,0.0000,0.2137,-0.1000,0.0034,-0.1000,-0.1000,0.0000,-0.1000,0.0924
65,-0.1000,0.0000,0.2323,-0.1000,0.0264,-0.1000,-0.1000,0.0000,-0.1000,0.1171
66,-0.0864,0.0000,0.2511,-0.1000,0.0483,-0.1000,-0.1000,0.0000,-0.1000,0.1412
67,-0.0581,0.0000,0.2675,-0.1000,0.0693,-0.1000,-0.1000,0.0000,-0.1000,0.1648
68,-0.0304,0.0000,0.2843,-0.1000,0.0893,-0.1000,-0.1000,0.0000,-0.1000,0.1879
69,-0.0031,0.0000,0.3037,-0.1000,0.1084,-0.1000,-0.1000,-10.0000,-0.1000,0.2104
70,0.0237,0.0000,0.3406,-0.1000,0.1265,-0.1000,-0.1000,-0.1000,-0.1000,0.2325
71,0.0500,0.0000,0.3786,-0.1000,0.1437,-0.1000,-0.1000,-0.1000,-0.1000,-0.1000
72,0.0759,0.0000,0.4176,-0.1000,0.1599,-0.1000,0.2101,-0.1000,-0.1000,-0.1000
73,0.1013,0.0000,0.4577,-0.1000,0.1752,-0.1000,0.1670,-0.1000,-0.1000,-0.1000
74,0.1262,0.0000,0.4990,-0.1000,0.1897,-0.1000,0.1238,-0.1000,-0.1000,-0.1000
75,0.1506,0.0000,0.5414,-0.1000,0.2032,-0.1000,0.0804,-0.1000,-0.1000,-0.1000
76,0.1745,0.0000,0.5850,-0.1000,0.2159,-0.1000,0.0369,-0.1000,-0.1000,-0.1000
77,0.1979,0.0000,0.6298,-0.1000,0.2278,-0.1000,-0.0067,-0.1000,-0.1000,-0.1000
78,0.2209,0.0000,0.6760,-0.1000,0.2388,-0.1000,-0.0503,-0.1000,-0.1000,-0.1000
79,0.2433,0.0000,0.9000,-0.1000,0.2489,-0.1000,-0.0940,-0.1000,-0.1000,-0.1000
80,0.2652,0.0000,0.9000,-0.1000,0.2583,-0.1000,-0.1000,-0.1000,-0.1000,-0.1000
81,0.2866,-10.0000,0.9000,-0.1000,0.2668,-0.1000,-0.1000,-0.1000,-0.1000,-0.1000
82,0.3188,-0.1000,0.9000,-0.1000,0.2746,-0.1000,-0.1000,-0.1000,-0.1000,-0.1000
83,0.3698,-0.1000,0.9000,-0.1000,0.2816,-0.1000,-0.1000,-0.1000,-0.1000,-0.1000
84,0.4195,-0.1000,0.6794,-0.1000,0.2879,-0.1000,-0.1000,-0.1000,-0.1000,-0.1000
85,0.4679,-0.1000,0.6368,-0.1000,0.2934,-0.1000,-0.1000,-0.1000,-0.1000,-0.0644
86,0.5149,-0.1000,0.5926,0.0000,0.2981,-0.1000,-0.1000,-0.1000,-0.1000,-0.0075
87,0.5607,-0.1000,0.5468,-10.0000,0.3054,-0.1000,-0.1000,-0.1000,-0.1000,0.0489
88,0.6051,-0.1000,0.4993,-0.1000,0.3138,-0.1000,-0.1000,-0.1000,-0.1000,0.1046
89,0.6482,-0.1000,0.4501,0.0000,0.3204,-0.1000,-0.1000,-0.1000,-0.1000,0.1598
90,0.6900,-0.1000,0.3991,-10.0000,0.3254,-0.1000,-0.1000,-0.1000,-0.1000,0.2143
91,0.9000,-0.1000,0.3463,0.0000,0.3286,-0.1000,-0.1000,-0.1000,-0.1000,0.2681
92,0.9000,-0.1000,0.2967,0.0000,0.3303,-0.1000,-0.1000,-0.1000,-0.1000,0.3531
93,0.9000,-0.1000,0.2741,0.0000,0.3304,-0.1000,-0.1000,-0.1000,-0.1000,0.4841
94,0.9000,0.0000,0.2507,0.0177,0.3289,-0.1000,-0.1000,-0.1000,-0.1000,0.5399
95,0.9000,0.0000,0.2376,0.0398,0.3259,-0.1000,-0.1000,-0.1000,-0.1000,0.5237
96,0.6875,0.0000,0.2346,0.0628,0.3215,-0.1000,-0.1000,-0.1000,-0.1000,0.5062
97,0.6552,0.0000,0.2418,0.0866,0.3156,-0.1000,-0.1000,-0.1000,-0.1000,0.4873
98,0.6242,0.0000,0.2565,0.1113,0.3083,-0.1000,-0.1000,-0.1000,-0.1000,0.4671
99,0.5946,-10.0000,0.2713,0.1369,0.2999,-0.1000,-0.1000,-0.1000,-0.1000,0.4453
100,0.5665,-0.1000,0.2853,0.1632,0.2959,-0.1000,-0.1000,-0.0934,-0.1000,0.4221
101,0.5399,-0.1000,0.2984,0.1903,0.2914,-0.1000,-0.1000,-0.0744,-0.1000,0.3973
102,0.5148,-0.1000,0.3267,0.2182,0.2864,-0.1000,-0.1000,-0.0555,-0.1000,0.3710
103,0.4914,-0.1000,0.3553,0.2468,0.2810,-0.1000,-0.1000,-0.0365,-0.1000,0.3430
104,0.4697,-0.1000,0.3818,0.2761,0.2751,-0.1000,-0.1000,-0.0176,-0.1000,0.3135
105,0.4498,-0.1000,0.4061,0.3062,0.2688,-0.1000,-0.1000,0.0012,-0.1000,0.2929
106,0.4316,-0.1000,0.4283,0.3369,0.2620,-0.1000,-0.1000,0.0199,-0.1000,0.2798
107,0.4152,-0.1000,0.4484,0.3682,0.2549,-0.1000,-0.1000,0.0386,-0.1000,0.2659
108,0.4007,-0.1000,0.4663,0.5003,0.2474,-0.1000,-0.1000,0.0571,-0.1000,0.2514
109,0.3882,-0.1000,0.4821,0.5817,0.2395,-0.1000,-0.1000,0.0755,-0.1000,0.2363
110,0.3776,-0.1000,0.4957,0.6645,0.2313,-0.1000,-0.1000,0.0938,-0.1000,0.2205
111,0.3690,-0.1000,0.5072,0.6403,0.2228,-0.1000,-0.1000,0.1119,-0.1000,0.2041
112,0.3624,-0.1000,0.5164,0.7090,0.2140,-0.1000,-0.1000,0.1298,-0.1000,0.1871
113,0.3579,-0.0859,0.5235,0.7707,0.2049,-0.1000,-0.1000,0.1476,-0.1000,0.1695
114,0.3555,-0.0695,0.5285,1.0000,0.1956,-0.1000,-0.1000,0.1652,-0.1000,0.1514
115,0.3553,-0.0561,0.5312,1.0000,0.1861,-0.1000,-0.1000,0.1826,-0.1000,0.1327
116,0.3572,-0.0459,0.5317,1.0000,0.1764,-0.1000,-0.1000,0.1998,-0.0898,0.1135
117,0.3612,-0.0388,0.5301,1.0000,0.1666,-0.1000,-0.1000,0.2168,-0.0476,0.0937
118,0.3675,-0.0348,0.5263,1.0000,0.1566,-0.1000,-0.1000,0.2335,-0.0059,0.0735
119,0.3759,-0.0338,0.5203,1.1000,0.1465,-0.1000,-0.1000,0.2501,0.0353,0.0528
120,0.3866,-0.0326,0.5121,0.8757,0.1363,-0.1000,-0.1000,0.2664,0.0761,0.0316
121,0.3995,-0.0311,0.5017,0.8476,0.1261,-0.1000,-0.1000,0.2825,0.1163,0.0099
122,0.4146,-0.0293,0.4891,0.7271,0.1158,-0.1000,-0.1000,0.2983,0.1560,-0.0121
123,0.4319,-0.0306,0.5743,0.8059,0.1056,-0.1000,-0.1000,0.3347,0.1951,-0.0346
124,0.4515,-0.0315,0.4574,0.6923,0.0954,-0.1000,-0.1000,0.3730,0.2336,-0.0575
125,0.4733,-0.0355,0.4382,0.6865,0.0855,-0.1000,-0.1000,0.4107,0.2715,-0.0807
126,0.4965,-0.0424,0.4168,-9.3116,0.0761,-0.1000,-0.1000,0.4478,0.3220,-0.1000
127,0.5213,-0.0524,0.3932,0.6898,0.0670,-0.1000,-0.1000,0.4842,0.4135,-0.1000
128,0.5477,-0.0621,0.3674,0.5907,0.0583,-0.1000,-0.1000,0.5200,0.5034,-0.1000
129,0.5756,-0.0714,0.3394,0.5912,0.0500,-0.1000,-0.1000,0.5551,0.5916,-0.1000
130,0.6052,-0.0803,0.3093,0.5913,0.0422,-0.1000,-0.1000,0.5896,0.6779,-0.1000
131,0.6364,-0.0889,0.2907,0.5910,0.0348,-0.1000,-0.1000,0.6235,0.9000,-0.1000
132,0.6693,-0.0971,0.2769,0.5904,0.0278,-0.1000,-0.1000,0.6567,0.9000,-0.1000
133,0.9000,-0.1000,0.2622,0.5896,0.0212,-0.1000,-0.1000,0.6892,0.6742,-0.1000
134,0.9000,-0.1000,0.2466,0.5886,0.0151,-0.1000,-0.1000,0.9000,0.5955,-0.1000
135,0.9000,-0.1000,0.2301,0.5874,0.0095,-0.1000,-0.1000,0.9000,0.5188,-0.1000
136,0.9000,-0.1000,0.2128,0.5861,0.0044,-0.1000,-0.1000,0.9000,0.4441,-0.1000
137,0.9000,-0.1000,0.1946,0.5847,-0.0003,-0.1000,-0.1000,0.9000,0.3716,-0.1000
138,0.6963,-0.1000,0.1755,0.5832,-0.0044,-0.1000,-0.1000,0.9000,0.3012,-0.1000
139,0.6509,-0.1000,0.1555,0.5818,-0.0081,-0.1000,-0.1000,0.9000,0.2732,-0.1000
140,0.6037,-0.1000,0.1347,0.5804,-0.0112,-0.1000,-0.1000,0.9000,0.2468,-0.1000
141,0.5546,-0.1000,0.1130,0.5790,-0.0137,-0.1000,-0.1000,0.6726,0.2213,-0.1000
142,0.5039,-0.1000,0.0905,0.5778,-0.0156,-0.1000,-0.1000,0.6455,0.1967,-0.1000
143,0.4514,-0.1000,0.0670,0.5766,-0.0169,-0.1000,-0.1000,0.6190,0.1731,-0.1000
144,0.3973,-0.1000,0.0428,0.5757,-0.0175,-0.1000,-0.1000,0.5930,0.1504,-0.1000
145,0.3415,-0.1000,0.0177,0.5749,-0.0174,-0.1000,-0.1000,0.5675,0.1286,-0.1000
146,0.2937,-0.1000,-0.0083,0.5744,-0.0166,-0.1000,-0.1000,0.5425,0.1078,-0.1000
147,0.2702,-0.1000,-0.0345,0.5741,-0.0156,-0.1000,-0.1000,0.5180,0.0880,-0.1000
148,0.2461,-0.1000,-0.0610,0.5741,-0.0143,-0.1000,-0.1000,0.4939,0.0692,-0.1000
149,0.2214,-0.1000,-0.0878,0.5744,-0.0128,-0.1000,-0.1000,0.4703,0.0514,-0.1000
150,0.1962,-0.1000,-0.1000,0.5750,-0.0111,-0.1000,-0.1000,0.4471,0.0346,-0.1000
151,0.1705,-0.1000,-0.1000,0.5760,-0.0090,-0.1000,-0.1000,0.4244,0.0189,-0.1000
152,0.1442,-0.1000,-0.1000,0.5774,-0.0066,-0.1000,-0.1000,0.4020,0.0041,-0.1000
153,0.1175,-0.1000,-0.1000,0.5791,-0.0038,-0.1000,-0.1000,0.3800,-0.0096,-0.1000
154,0.0903,-0.1000,-0.1000,0.5813,-0.0007,-0.1000,-0.1000,0.3583,-0.0223,-0.1000
155,0.0627,-0.1000,-0.1000,0.5838,0.0028,-0.1000,-0.1000,0.3369,-0.0339,-0.1000
156,0.0346,-0.1000,-0.1000,0.5868,0.0067,-0.1000,-0.1000,0.3158,-0.0445,-0.1000
157,0.0062,-0.1000,-0.1000,0.5903,0.0110,-0.1000,-0.1000,0.2983,-0.0540,-0.1000
158,-0.0227,-0.1000,-0.1000,0.5943,0.0158,-0.1000,-0.1000,0.2799,-0.0624,-0.1000
159,-0.0519,-0.1000,-0.1000,0.5987,0.0211,-0.1000,-0.1000,0.2453,-0.0698,-0.1000
160,-0.0814,-0.1000,-0.1000,0.6036,0.0269,-0.1000,-0.1000,0.1111,-0.0761,-0.1000
161,-0.1000,-0.1000,-0.1000,0.6091,0.0331,-0.1000,-0.1000,-9.8228,-0.0813,-0.1000
162,-0.1000,-0.1000,-0.1000,0.6150,0.0399,-0.1000,-0.1000,-9.8562,-0.0855,-0.1000
163,-0.1000,-0.1000,-0.1000,0.6215,0.0473,-0.1000,-0.1000,0.0107,-0.0886,-0.1000
164,-0.1000,-0.1000,-0.1000,0.6285,0.0552,-0.1000,-0.1000,0.0780,-0.0905,-0.1000
165,-0.1000,-0.1000,-0.1000,0.6361,0.0636,-0.1000,-0.1000,0.0457,-0.0914,-0.1000
166,-0.1000,-0.1000,-0.1000,0.6442,0.0727,-0.1000,-0.1000,0.0137,-0.0913,-0.1000
167,-0.1000,-0.1000,-0.1000,0.6529,0.0824,-0.1000,-0.1000,-0.0179,-0.0900,-0.1000
168,-0.1000,-0.1000,-0.1000,0.6621,0.0926,-0.1000,-0.1000,-0.0491,-0.0876,-0.1000
169,-0.1000,-0.1000,-0.1000,0.6718,0.1036,-0.1000,-0.1000,-0.0800,-0.0842,-0.1000
170,-0.1000,-0.1000,-0.1000,0.6822,0.1151,-0.1000,-0.1000,-0.1000,-0.0797,-0.1000
171,-0.1000,-0.1000,-0.1000,0.6930,0.1274,-0.1000,-0.1000,-0.1000,-0.0741,-0.0675
172,-0.1000,-0.1000,-0.1000,0.9000,0.1402,-0.1000,-0.1000,-0.1000,-0.1000,-0.0310
173,-0.1000,-0.0937,-0.1000,0.9000,0.1538,-0.1000,-0.1000,-0.1000,-0.1000,0.0063
174,-0.1000,-0.0846,-0.1000,0.9000,0.1681,-0.1000,-0.1000,-0.1000,-0.1000,0.0442
175,-0.1000,-0.0749,-0.1000,0.9000,0.1831,-0.1000,-0.1000,-0.1000,-0.1000,0.0829
176,-0.1000,-0.0648,-0.1000,0.9000,0.1987,-0.1000,-0.1000,-0.1000,-0.1000,0.1223
177,-0.1000,-0.0541,-0.1000,0.9000,0.2151,-0.1000,-0.1000,-0.1000,-0.1000,0.1623
178,-0.1000,-0.0430,-0.1000,0.9000,0.2323,-0.1000,-0.1000,-0.1000,-0.1000,0.2030
179,-0.1000,-0.0313,-0.1000,0.9000,0.2501,-0.1000,-0.1000,-0.1000,-0.1000,0.2443
180,-0.1000,-0.0191,-0.1000,0.9000,0.2688,-0.1000,-0.1000,-0.1000,-0.1000,0.2863
181,-0.1000,-0.0064,-0.1000,0.9000,0.2881,-0.1000,-0.1000,-0.1000,-0.1000,0.3722
182,-0.1000,0.0068,-0.1000,0.9000,0.4206,-0.1000,-0.1000,-0.1000,-0.1000,0.4801
183,-0.1000,0.0206,-0.1000,0.9000,0.4728,-0.1000,-0.1000,-0.1000,-0.1000,0.5894
184,-0.1000,0.0349,-0.1000,0.9000,0.5270,-0.1000,-0.1000,-0.1000,-0.1000,0.9000
185,-0.1000,0.0497,-0.1000,0.6991,0.5831,-0.1000,-0.1000,-0.1000,-0.1000,0.9000
186,-0.1000,0.0652,-0.1000,0.6807,0.5411,-0.1000,-0.1000,-0.1000,-0.1000,0.6748
187,0.5829,0.0812,-0.1000,0.9000,-0.1000,-0.1000,-0.1000,-0.1000,-0.1000,0.5604
188,0.9000,0.0977,-0.1000,0.9000,-0.1000,-0.1000,-0.1000,-0.1000,-0.1000,0.4448
189,0.9000,0.1149,-0.1000,0.9000,-0.1000,-0.1000,-0.1000,-0.1000,-0.1000,0.3282
190,0.5794,0.1326,-0.1000,0.9000,-0.1000,-0.1000,-0.1000,-0.1000,-0.1000,0.2642
191,0.4299,0.1510,-0.1000,0.7391,-0.1000,-0.1000,-0.1000,-0.1000,-0.1000,0.2168
192,0.2915,0.1700,-0.1000,0.5757,-0.1000,-0.1000,-0.1000,-0.1000,-0.1000,0.1690
193,0.2307,0.1896,-0.1000,0.5127,-0.1000,-0.1000,-0.1000,-0.1000,-0.1000,0.1209
194,0.1696,0.2098,-0.1000,0.4500,-0.1000,-0.1000,-0.1000,-0.1000,-0.1000,0.0725
195,0.1083,0.2307,-0.1000,0.3877,-0.1000,-0.1000,-0.1000,-0.1000,-0.1000,0.0237
196,0.0468,0.2522,-0.1000,0.3257,-0.1000,-0.1000,-0.1000,-0.1000,-0.1000,-0.0252
197,-0.0150,0.2744,-0.1000,0.2856,-0.1000,-0.1000,-0.1000,-0.1000,-0.1000,-0.0744
198,-0.0769,0.2972,-0.1000,0.2611,-0.1000,-0.1000,-0.1000,-0.1000,-0.1000,-0.1000
199,-0.1000,0.3520,-0.1000,0.2367,-0.1000,-0.1000,-0.1000,-0.1000,-0.1000,-0.1000
200,-0.1000,0.4125,-0.1000,0.2124,-0.1000,-0.1000,-0.1000,-0.1000,-0.1000,-0.1000
201,-0.1000,0.4749,-0.1000,0.1882,-0.1000,-0.1000,-0.1000,-0.1000,-0.1000,-0.1000
202,-0.1000,0.5390,-0.1000,0.1641,-0.1000,-0.1000,-0.1000,-0.1000,-0.1000,-0.1000
203,-0.1000,0.6050,-0.1000,0.1401,-0.1000,-0.1000,-0.1000,-0.1000,-0.1000,-0.1000
204,-0.1000,0.6728,-0.1000,0.1166,-0.1000,-0.1000,-0.1000,-0.1000,-0.1000,-0.1000
205,-0.1000,0.9000,-0.1000,0.0934,-0.1000,-0.1000,-0.1000,-0.1000,-0.1000,-0.1000
206,-0.1000,0.9000,-0.1000,0.0706,-0.1000,-0.1000,-0.1000,-0.1000,-0.1000,-0.1000
207,-0.1000,0.9000,-0.1000,0.0483,-0.1000,-0.1000,-0.1000,-0.1000,-0.1000,-0.1000
208,-0.1000,0.6449,-0.1000,0.0263,-0.1000,-0.1000,-0.1000,-0.1000,-0.1000,-0.1000
209,-0.1000,0.5715,-0.1000,0.0047,-0.1000,-0.1000,-0.1000,-0.1000,-0.1000,-0.1000
210,-0.1000,0.4968,-0.1000,-0.0166,-0.1000,-0.1000,-0.1000,-0.1000,-0.1000,-0.1000
211,-0.1000,0.4209,-0.1000,-0.0374,-0.1000,-0.1000,-0.1000,-0.1000,-0.1000,-0.1000
212,-0.1000,0.3437,-0.1000,-0.0579,-0.1000,-0.1000,-0.1000,-0.1000,-0.1000,-0.1000
213,-0.1000,0.2861,-0.1000,-0.0781,-0.1000,-0.1000,-0.1000,-0.1000,-0.1000,-0.1000
214,-0.1000,0.2541,-0.1000,-0.0979,-0.1000,-0.1000,-0.1000,-0.1000,-0.1000,-0.1000
215,-0.1000,0.2217,-0.1000,-0.1000,-0.1000,-0.1000,-0.1000,-0.1000,-0.1000,-0.1000
216,-0.1000,0.1887,-0.1000,-0.1000,-0.1000,-0.1000,-0.1000,-0.1000,-0.1000,-0.1000
217,-0.1000,0.1551,-0.1000,-0.1000,-0.1000,-0.1000,-0.1000,-0.1000,-0.1000,-0.1000
218,-0.1000,0.1209,-0.1000,-0.1000,-0.1000,-0.1000,-0.1000,-0.1000,-0.1000,-0.1000
219,-0.1000,0.0862,-0.1000,-0.1000,-0.1000,-0.1000,-0.1000,-0.1000,-0.1000,-0.1000
220,-0.1000,0.0509,-0.1000,-0.1000,-0.1000,-0.1000,-0.1000,-0.1000,-0.1000,-0.1000
221,-0.1000,0.0150,-0.1000,-0.1000,-0.1000,-0.1000,-0.1000,-0.1000,-0.1000,-0.1000
222,-0.1000,-0.0215,-0.1000,-0.1000,-0.1000,-0.1000,-0.1000,-0.1000,-0.1000,-0.1000
223,-0.1000,-0.0587,-0.1000,-0.1000,-0.1000,-0.1000,-0.1000,-0.1000,-0.1000,-0.1000
224,-0.1000,-0.0964,-0.1000,-0.1000,-0.1000,-0.1000,-0.1000,-0.1000,-0.1000,-0.1000
225,-0.1000,-0.1000,-0.1000,-0.1000,-0.1000,-0.1000,-0.1000,-0.1000,-0.1000,-0.1000
226,-0.1000,-0.1000,-0.1000,-0.1000,-0.1000,-0.1000,-0.1000,-0.1000,-0.1000,-0.1000
227,-0.1000,-0.1000,-0.0587,-0.1000,-0.1000,-0.1000,-0.1000,-0.1000,-0.1000,-0.1000
228,-0.1000,-0.1000,-0.0074,-0.1000,-0.1000,-0.1000,-0.1000,-0.1000,-0.1000,-0.1000
229,-0.1000,-0.1000,0.0432,-0.1000,-0.1000,-0.1000,-0.1000,-0.1000,-0.1000,-0.1000
230,-0.1000,-0.1000,0.0930,-0.1000,-0.1000,-0.1000,-0.1000,-0.1000,-0.1000,-0.1000
231,-0.1000,-0.1000,0.1419,-0.1000,0.1292,-0.1000,-0.1000,-0.1000,-0.1000,-0.1000
232,-0.1000,-0.1000,-0.1000,-0.1000,0.1378,-0.1000,-0.1000,-0.1000,-0.1000,-0.1000
233,-0.1000,-0.1000,-0.1000,-0.1000,0.1459,-0.1000,-0.1000,-0.1000,-0.1000,-0.1000
234,-0.1000,-0.1000,-0.1000,-0.1000,0.1534,-0.1000,-0.1000,-0.1000,-0.1000,-0.1000
235,-0.1000,-0.1000,-0.1000,-0.1000,0.1604,-0.1000,-0.1000,-0.1000,-0.1000,-0.1000
236,-0.1000,-0.1000,-0.1000,-0.1000,0.1668,-0.1000,-0.1000,-0.1000,-0.1000,-0.1000
237,-0.1000,-0.1000,-0.1000,-0.1000,0.1726,-0.1000,-0.1000,-0.1000,-0.1000,-0.1000
238,-0.1000,-0.1000,-0.1000,-0.1000,0.1778,-0.1000,-0.1000,-0.1000,-0.1000,-0.1000
239,-0.1000,-0.1000,-0.1000,-0.1000,0.1824,-0.1000,-0.1000,-0.1000,-0.1000,-0.1000
240,-0.1000,-0.1000,-0.1000,-0.1000,0.1864,-0.1000,-0.1000,-0.1000,-0.1000,-0.1000
241,-0.1000,-0.1000,-0.1000,-0.1000,0.1898,-0.1000,-0.1000,-0.1000,-0.1000,-0.1000
242,-0.1000,-0.1000,-0.1000,-0.1000,0.1926,-0.1000,-0.1000,-0.1000,-0.1000,-0.1000
243,-0.1000,-0.1000,-0.1000,-0.1000,0.1947,-0.1000,-0.1000,-0.1000,-0.1000,-0.1000
244,-0.1000,-0.1000,-0.1000,-0.1000,0.1962,-0.1000,-0.1000,-0.1000,-0.1000,-0.1000
245,-0.1000,-0.1000,-0.1000,-0.1000,0.1971,-0.1000,-0.1000,-0.1000,-0.1000,-0.1000
246,-0.1000,-0.1000,-0.1000,-0.1000,0.1973,-0.1000,-0.1000,-0.1000,-0.1000,-0.1000
247,-0.1000,-0.1000,-0.1000,-0.1000,0.1969,-0.1000,-0.1000,-0.1000,-0.1000,-0.1000
248,-0.1000,-0.1000,-0.1000,-0.1000,0.1958,-0.1000,-0.1000,-0.1000,-0.1000,-0.1000
249,-0.1000,-0.1000,-0.1000,-0.1000,0.1941,-0.1000,-0.1000,-0.1000,-0.1000,-0.1000
250,-0.1000,-0.1000,-0.1000,-0.1000,0.1917,-0.1000,-0.1000,-0.1000,-0.1000,-0.1000
251,-0.1000,-0.1000,-0.1000,-0.1000,0.1886,-0.1000,-0.1000,-0.1000,-0.1000,-0.1000
252,-0.1000,-0.1000,-0.1000,-0.1000,0.1849,-0.1000,-0.1000,-0.1000,-0.1000,-0.1000
253,-0.1000,-0.1000,-0.1000,-0.1000,0.1806,-0.1000,-0.1000,-0.1000,-0.1000,-0.1000
254,-0.1000,-0.1000,-0.1000,-0.1000,0.1756,-0.1000,-0.1000,-0.1000,-0.1000,-0.1000
255,-0.1000,-0.1000,-0.1000,-0.1000,0.1699,-0.1000,-0.1000,-0.1000,-0.1000,-0.1000
256,-0.1000,-0.1000,-0.1000,-0.1000,0.1636,-0.1000,-0.1000,-0.1000,-0.1000,-0.1000
257,-0.1000,-0.1000,-0.1000,-0.1000,0.1566,-0.1000,-0.1000,-0.1000,-0.1000,-0.1000
258,-0.1000,-0.1000,-0.1000,-0.1000,0.1490,-0.1000,-0.1000,-0.1000,-0.1000,-0.1000
259,-0.1000,-0.1000,-0.1000,-0.1000,0.1407,-0.1000,-0.1000,-0.1000,-0.1000,-0.1000
260,-0.1000,-0.1000,-0.1000,-0.1000,0.1318,-0.1000,-0.0802,-0.1000,-0.1000,-0.1000
261,-0.1000,-0.1000,-0.0835,-0.1000,0.1226,-0.1000,-0.0539,-0.1000,-0.1000,-0.1000
262,-0.1000,-0.1000,-0.0424,-0.1000,0.1131,-0.1000,-0.0281,-0.1000,-0.1000,-0.1000
263,-0.0964,-0.1000,-0.0021,-0.1000,0.1033,-0.1000,-0.0029,-0.1000,-0.1000,-0.1000
264,-0.0611,-0.1000,0.0376,-0.1000,0.0932,-0.1000,0.0218,-0.1000,-0.1000,-0.1000
265,-0.0256,-0.1000,0.0765,0.1089,0.0829,-0.1000,0.0459,-0.1000,-0.1000,-0.1000
266,0.0099,-0.1000,0.1147,0.0806,0.0722,-0.1000,0.0695,-0.1000,-0.1000,-0.1000
267,0.0456,-0.1000,0.1522,0.0522,-0.1000,-0.1000,0.0924,-0.1000,-0.1000,-0.1000
268,0.0813,-0.1000,0.1796,0.0234,-0.1000,-0.1000,0.1148,-0.1000,-0.1000,-0.1000
269,0.1171,-0.1000,0.1978,-0.0056,-0.1000,-0.1000,0.1365,-0.1000,-0.1000,-0.1000
270,0.1530,-0.1000,0.2152,-0.0347,-0.1000,-0.1000,0.1575,-0.1000,-0.1000,-0.1000
271,0.1889,-0.1000,0.2317,-0.0641,-0.1000,-0.1000,0.1780,-0.1000,-0.1000,-0.1000
272,0.2250,-0.1000,0.2474,-0.0937,-0.1000,-0.1000,0.1978,-0.1000,-0.1000,-0.1000
273,0.2611,-0.1000,0.2622,-0.1000,-0.1000,-0.1000,0.2169,-0.1000,-0.1000,-0.1000
274,0.2974,-0.1000,0.2761,-0.1000,-0.1000,-0.1000,0.2353,-0.1000,-0.1000,-0.1000
275,0.3841,-0.1000,0.2891,-0.1000,-0.1000,-0.1000,0.2531,-0.1000,-0.1000,-0.1000
276,0.4751,-0.1000,0.4029,-0.1000,-0.1000,-0.1000,0.2701,-0.1000,-0.1000,-0.1000
277,0.5663,-0.1000,0.4307,-0.1000,-0.1000,-0.1000,0.2865,-0.1000,-0.1000,-0.1000
278,0.6577,-0.1000,0.4562,-0.1000,-0.1000,-0.1000,0.3053,-0.1000,-0.1000,-0.1000
279,0.9000,-0.1000,0.4792,-0.1000,-0.1000,-0.1000,0.3425,-0.1000,-0.1000,-0.1000
280,0.9000,-0.1000,0.4999,-0.1000,-0.1000,-0.1000,0.3780,-0.1000,-0.1000,-0.1000
281,0.6668,-0.1000,0.5181,-0.1000,-0.1000,-0.1000,0.4116,-0.1000,-0.1000,-0.1000
282,0.5745,-0.1000,0.5346,-0.1000,-0.1000,-0.1000,0.4434,-0.1000,-0.1000,-0.1000
283,0.4820,-0.1000,0.5494,-0.1000,-0.2000,-0.1000,0.4733,-0.1000,-0.1000,-0.1000
284,0.3893,-0.1000,0.5625,-0.1000,-0.1000,-0.1000,0.5013,-0.1000,-0.1000,-0.1000
285,0.2985,-0.1000,0.5739,-0.1000,-0.1000,-0.1000,0.5274,-0.1000,-0.1000,-0.1000
286,0.2613,-0.1000,0.5834,-0.1000,-0.1000,-0.1000,0.5515,-0.1000,-0.1000,-0.1000
287,0.2239,-0.1000,0.5912,-0.1000,-0.1000,-0.1000,0.5738,-0.1000,-0.1000,-0.1000
288,0.1864,-0.1000,0.5972,-0.1000,-0.1000,-0.1000,0.5941,-0.1000,-0.1000,-0.1000
289,0.1489,-0.1000,0.6014,-0.1000,-0.1000,-0.1000,0.6125,-0.1000,-0.1000,-0.1000
290,0.1112,-0.1000,0.6038,-0.1000,-0.1000,-0.1000,0.6290,-0.1000,-0.1000,-0.1000
291,0.0734,-0.1000,0.6043,-0.1000,-0.1000,-0.1000,0.6435,-0.1000,-0.1000,-0.1000
292,0.0355,-0.1000,0.6029,-0.1000,-0.1000,-0.1000,0.6560,-0.1000,-0.1000,-0.1000
293,-0.0024,-0.1000,0.5997,-0.1000,-0.1000,-0.1000,0.6666,-0.1000,-0.1000,-0.1000
294,-0.0405,-0.1000,0.5946,-0.1000,-0.1000,-0.1000,0.6752,-0.1000,-0.1000,-0.1000
295,-0.0787,-0.1000,0.4877,-0.1000,-0.1000,-0.1000,0.7819,-0.1000,-0.1000,-0.1000
296,-0.1000,-0.1000,0.5788,-0.1000,-0.1000,-0.1000,0.6865,-0.1000,-0.1000,-0.1000
297,-0.1000,-0.1000,0.4681,-0.1000,-0.1000,-0.1000,0.6893,-0.1000,-0.1000,-0.1000
298,-0.1000,-0.1000,0.4555,-0.1000,-0.1000,-0.1000,0.7900,-0.1000,-0.1000,-0.1000
299,-0.1000,-0.1000,0.5411,-0.1000,-0.1000,-0.1000,0.6889,-0.1000,-0.1000,-0.1000
300,-0.1000,-0.1000,0.5247,-0.1000,-0.1000,-0.1000,0.6857,-0.1000,-0.1000,-0.1000
301,-0.1000,-0.1000,0.5065,-0.1000,-0.1000,-0.1000,0.6807,-0.1000,-0.1000,-0.1000
302,-0.1000,-0.1000,0.4865,-0.1000,-0.1000,-0.1000,0.6737,-0.1000,-0.1000,-0.1000
303,-0.1000,-0.1000,0.4654,-0.1000,-0.1000,-0.1000,0.6647,-0.1000,-0.1000,-0.1000
304,-0.1000,-0.1000,0.4432,-0.1000,-0.1000,-0.1000,0.6539,-0.1000,-0.1000,-0.1000
305,-0.1000,-0.1000,0.4201,-0.1000,-0.1000,-0.1000,0.6411,-0.1000,-0.1000,-0.1000
306,-0.1000,-0.1000,0.2984,-0.1000,-0.1000,-0.1000,0.6265,-0.1000,-0.1000,-0.1000
307,-0.1000,-0.1000,0.2883,-0.1000,-0.1000,-0.1000,0.6099,-0.1000,-0.1000,-0.1000
308,-0.1000,-0.1000,0.2778,-0.1000,-0.1000,-0.1000,0.5915,-0.1000,-0.1000,-0.1000
309,-0.1000,-0.1000,0.2670,-0.1000,-0.1000,-0.1000,0.5713,-0.1000,-0.1000,-0.1000
310,-0.1000,-0.1000,0.2558,-0.1000,-0.1000,-0.1000,0.5492,-0.1000,-0.1000,-0.1000
311,-0.1000,-0.1000,0.2442,-0.1000,-0.1000,-0.1000,0.5253,-0.1000,-0.1000,-0.1000
312,-0.1000,-0.1000,0.2322,-0.1000,-0.1000,-0.1000,0.4996,-0.1000,-0.1000,-0.1000
313,-0.1000,-0.1000,0.2199,-0.1000,-0.1000,-0.1000,0.5391,-0.1000,-0.1000,-0.1000
314,-0.1000,-0.1000,0.2073,-0.1000,-0.1000,-0.1000,0.4684,-0.1000,-0.1000,-0.1000
315,-0.1000,-0.1000,0.1943,-0.1000,-0.1000,-0.1000,0.2984,-0.1000,-0.1000,-0.1000
316,-0.1000,-0.1000,0.1810,-0.1000,-0.1000,-0.1000,0.2688,-0.1000,-0.1000,-0.1000
317,-0.1000,-0.1000,0.1673,-0.1000,-0.1000,-0.1000,0.2385,-0.1000,-0.1000,-0.1000
318,-0.1000,-0.1000,0.1534,-0.1000,-0.1000,-0.1000,0.2076,-0.1000,-0.1000,-0.1000
319,-0.1000,-0.1000,0.1392,-0.1000,-0.1000,-0.1000,0.1761,-0.1000,-0.1000,-0.1000
320,-0.1000,-0.1000,0.1247,-0.1000,-0.1000,-0.1000,0.1439,-0.1000,-0.1000,-0.1000
321,-0.1000,-0.1000,0.1100,-0.1000,-0.1000,-0.1000,0.1112,-0.1000,-0.1000,-0.1000
322,-0.1000,-0.1000,0.0922,-0.1000,-0.1000,-0.1000,0.0779,-0.1000,-0.1000,-0.1000
323,-0.1000,-0.1000,0.0235,-0.1000,-0.1000,-0.1000,0.0440,-0.1000,-0.1000,-0.1000
324,-0.1000,-0.1000,-0.0451,-0.1000,-0.1000,-0.1000,0.0096,-0.1000,-0.1000,-0.1000
325,-0.1000,-0.1000,-0.1000,-0.1000,-0.1000,-0.1000,-0.0253,-0.1000,-0.1000,-0.1000
326,-0.1000,-0.1000,-0.1000,-0.1000,-0.1000,-0.1000,-0.0607,-0.1000,-0.1000,-0.1000
327,-0.1000,-0.1000,-0.1000,-0.1000,-0.1000,-0.1000,-0.0963,-0.1000,-0.1000,-0.1000
328,-0.1000,-0.1000,-0.1000,-0.1000,-0.1000,-0.1000,-0.1000,-0.1000,-0.1000,-0.1000
329,-0.1000,-0.1000,-0.1000,-0.1000,-0.1000,-0.1000,-0.1000,-0.1000,-0.1000,-0.1000
330,-0.1000,-0.1000,-0.1000,-0.1000,-0.1000,-0.1000,-0.1000,-0.1000,-0.1000,-0.1000
331,-0.1000,-0.1000,-0.1000,-0.1000,-0.1000,-0.1000,-0.1000,-0.1000,-0.1000,-0.1000
332,-0.1000,-0.1000,-0.1000,-0.1000,-0.1000,-0.1000,-0.1000,-0.1000,-0.1000,-0.1000
333,-0.1000,-0.1000,-0.1000,-0.1000,-0.1000,-0.1000,-0.1000,-0.1000,-0.1000,-0.1000
334,-0.1000,-0.1000,-0.1000,-0.1000,-0.1000,-0.1000,-0.1000,-0.1000,-0.1000,-0.1000
335,-0.1000,-0.1000,-0.1000,-0.1000,-0.1000,-0.1000,-0.1000,-0.1000,-0.1000,-0.1000
336,-0.1000,-0.1000,-0.1000,-0.1000,-0.1000,-0.1000,-0.1000,-0.1000,-0.1000,-0.1000
337,-0.1000,-0.1000,-0.1000,-0.1000,-0.1000,-0.1000,-0.1000,-0.1000,-0.1000,-0.1000
338,-0.1000,-0.1000,-0.1000,-0.1000,-0.1000,-0.1000,-0.1000,-0.1000,-0.1000,-0.1000
339,-0.1000,-0.1000,-0.1000,-0.1000,-0.1000,-0.1000,-0.1000,-0.1000,-0.1000,-0.1000
340,-0.1000,-0.1000,-0.1000,-0.1000,-0.1000,-0.1000,-0.1000,-0.1000,-0.1000,-0.1000
341,-0.1000,-0.1000,-0.1000,-0.1000,-0.1000,-0.1000,-0.1000,-0.1000,-0.1000,-0.1000
342,-0.1000,-0.1000,-0.1000,-0.1000,-0.1000,-0.1000,-0.1000,-0.1000,-0.1000,-0.1000
343,-0.1000,-0.1000,-0.1000,-0.1000,-0.1000,-0.1000,-0.1000,-0.1000,-0.1000,-0.1000
344,-0.1000,-0.1000,-0.1000,-0.1000,-0.1000,-0.1000,-0.1000,-0.1000,-0.1000,-0.1000
345,-0.1000,-0.1000,-0.1000,-0.1000,-0.1000,-0.1000,-0.1000,-0.1000,-0.1000,-0.1000
346,-0.1000,-0.1000,-0.1000,-0.1000,-0.1000,-0.1000,-0.1000,-0.1000,-0.1000,-0.1000
347,-0.1000,-0.1000,-0.1000,-0.1000,-0.1000,-0.1000,-0.1000,-0.1000,-0.1000,-0.1000
348,-0.1000,-0.1000,-0.1000,-0.1000,-0.1000,-0.1000,-0.1000,-0.1000,-0.1000,-0.1000
349,-0.1000,-0.1000,-0.1000,-0.1000,-0.1000,-0.1000,-0.1000,-0.1000,-0.1000,-0.1000
350,-0.1000,-0.1000,-0.1000,-0.1000,-0.1000,-0.1000,-0.1000,-0.1000,-0.1000,-0.1000
351,-0.1000,-0.2000,-0.1000,-0.1000,-0.1000,-0.1000,-0.1000,-0.1000,-0.1000,-0.1000
352,-0.1000,-0.0602,-0.1000,-0.1000,-0.1000,-0.1000,-0.1000,-0.1000,-0.1000,-0.1000
353,-0.1000,-0.0031,-0.1000,-0.1000,-0.1000,-0.1000,-0.1000,-0.1000,-0.1000,-0.1000
354,-0.1000,0.0535,-0.1000,-0.1000,-0.1000,-0.1000,-0.1000,-0.1000,-0.1000,-0.1000
355,-0.1000,0.1094,-0.1000,-0.1000,-0.1000,-0.1000,-0.1000,-0.1000,-0.1000,-0.1000
356,-0.1000,0.1648,-0.1000,-0.1000,-0.1000,-0.1000,-0.1000,-0.1000,-0.1000,-0.1000
357,-0.1000,0.2195,-0.1000,-0.1000,-0.1000,-0.1000,-0.1000,-0.1000,-0.1000,-0.1000
358,-0.1000,0.2736,-0.1000,-0.1000,-0.1000,-0.1000,-0.1000,-0.1000,-0.1000,-0.1000
359,-0.1000,0.3325,-0.1000,-0.1000,-0.1000,-0.1000,-0.1000,-0.1000,-0.1000,-0.1000
360,-0.1000,0.3754,-0.1000,-0.1000,-0.1000,-0.1000,-0.1000,-0.1000,-0.1000,-0.1000
